{
  "project_info": {
    "project_number": "315390031881",
    "project_id": "prm1-8c7b0",
    "storage_bucket": "prm1-8c7b0.firebasestorage.app"
  },
  "client": [
    {
      "client_info": {
        "mobilesdk_app_id": "1:315390031881:android:8f8485be11f60c1d5e60d8",
        "android_client_info": {
          "package_name": "prm1.fpt.edu.vn"
        }
      },
      "oauth_client": [],
      "api_key": [
        {
          "current_key": "AIzaSyCuY1kXtQO8pd8t80mqsZillIZcaIbAP2A"
        }
      ],
      "services": {
        "appinvite_service": {
          "other_platform_oauth_client": []
        }
      }
    }
  ],
  "configuration_version": "1"
}